Enemy ID,fitness,player_health,enemy_health,time_taken
1,3.228558876869984,0.0,90.0,321
2,85.95014399275047,10.0,0.0,156
3,39.93109579777977,0.0,50.0,159
4,30.58389959779558,0.0,60.0,225
5,90.16405089685372,57.400000000000325,0.0,264
6,66.18586946817493,0.0,20.0,335
7,75.35455310235676,0.0,10.0,283
8,87.05788162462296,28.600000000000257,0.0,331
